地区,年月,当月值(万吨),环比变化,环比变化(%),同比变化(%),累计值(万吨),累计同比(%)
全国,2023-07,42970.79,,,,42970.79,
全国,2023-08,39419.45,-3551.34,-8.26,,82390.24,
全国,2023-09,37937.1,-1482.35,-3.76,,120327.34,
全国,2023-10,35296.09,-2641.01,-6.96,,155623.43,
全国,2023-11,32371.0,-2925.09,-8.29,,187994.43,
全国,2023-12,30668.57,-1702.43,-5.26,,218663.0,
全国,2024-01,31548.93,,,,31548.93,
全国,2024-02,36083.58,4534.65,14.37,,67632.51,
全国,2024-03,36852.13,768.55,2.13,,104484.64,
全国,2024-04,40569.07,3716.94,10.09,,145053.71,
全国,2024-05,43132.72,2563.65,6.32,,188186.43,
全国,2024-06,43012.81,-119.91,-0.28,,231199.24,
全国,2024-07,44012.81,1000.0,2.32,2.42,275212.05,540.46
全国,2024-08,40893.75,-3119.06,-7.09,3.74,316105.8,283.67
全国,2024-09,38486.85,-2406.9,-5.89,1.45,354592.65,194.69
全国,2024-10,35525.97,-2960.88,-7.69,0.65,390118.62,150.68
全国,2024-11,32869.04,-2656.93,-7.48,1.54,422987.66,125.0
全国,2024-12,33616.08,747.04,2.27,9.61,456603.74,108.82
全国,2025-01,30287.97,,,-4.0,30287.97,-4.0
全国,2025-02,37276.92,6988.95,23.08,3.31,67564.89,-0.1
全国,2025-03,37736.12,459.2,1.23,2.4,105301.01,0.78
全国,2025-04,43205.9,5469.78,14.49,6.5,148506.91,2.38
全国,2025-05,43841.18,635.28,1.47,1.64,192348.09,2.21
全国,2025-06,45277.11,1435.93,3.28,5.26,237625.2,2.78
全国,2025-07,43765.04,-1512.07,-3.34,-0.56,281390.24,2.24
全国,2025-08,41191.9,-2573.14,-5.88,0.73,322582.14,2.05
全国,2025-09,38639.42,-2552.48,-6.2,0.4,361221.56,1.87
全国,2025-10,35155.34,-3484.08,-9.02,-1.04,396376.9,1.6
全国,2025-11,33797.19,-1358.15,-3.86,2.82,430174.09,1.7
全国,2025-12,32583.59,-1213.6,-3.59,-3.07,462757.68,1.35
全国,2026-01,35020.55,,,15.63,35020.55,15.63
全国,2026-02,37374.07,2353.52,6.72,0.26,72394.62,7.15
全国,2026-03,38277.35,903.28,2.42,1.43,110671.97,5.1
全国,2026-04,42547.89,4270.54,11.16,-1.52,153219.86,3.17
全国,2026-05,43586.82,1038.93,2.44,-0.58,196806.68,2.32
全国,2026-06,45140.25,1553.43,3.56,-0.3,241946.93,1.82
北京市,2023-07,4.65,,,,4.65,
北京市,2023-08,1.03,-3.62,-77.85,,5.68,
北京市,2023-09,4.35,3.32,322.33,,10.03,
北京市,2023-10,2.78,-1.57,-36.09,,12.81,
北京市,2023-11,3.45,0.67,24.1,,16.26,
北京市,2023-12,1.0,-2.45,-71.01,,17.26,
北京市,2024-01,1.1,,,,1.1,
北京市,2024-02,3.16,2.06,187.27,,4.26,
北京市,2024-03,1.1,-2.06,-65.19,,5.36,
北京市,2024-04,3.04,1.94,176.36,,8.4,
北京市,2024-05,0.12,-2.92,-96.05,,8.52,
北京市,2024-06,0.93,0.81,675.0,,9.45,
北京市,2024-07,1.95,1.02,109.68,-58.06,11.4,145.16
北京市,2024-08,2.76,0.81,41.54,167.96,14.16,149.3
北京市,2024-09,3.29,0.53,19.2,-24.37,17.45,73.98
北京市,2024-10,2.9,-0.39,-11.85,4.32,20.35,58.86
北京市,2024-11,0.76,-2.14,-73.79,-77.97,21.11,29.83
北京市,2024-12,4.47,3.71,488.16,347.0,25.58,48.2
北京市,2025-01,4.21,,,282.73,4.21,282.73
北京市,2025-02,0.85,-3.36,-79.81,-73.1,5.06,18.78
北京市,2025-03,1.64,0.79,92.94,49.09,6.7,25.0
北京市,2025-04,1.03,-0.61,-37.2,-66.12,7.73,-7.98
北京市,2025-05,0.07,-0.96,-93.2,-41.67,7.8,-8.45
北京市,2025-06,4.85,4.78,6828.57,421.51,12.65,33.86
北京市,2025-07,4.96,0.11,2.27,154.36,17.61,54.47
北京市,2025-08,0.29,-4.67,-94.15,-89.49,17.9,26.41
北京市,2025-09,0.89,0.6,206.9,-72.95,18.79,7.68
北京市,2025-10,3.18,2.29,257.3,9.66,21.97,7.96
北京市,2025-11,1.61,-1.57,-49.37,111.84,23.58,11.7
北京市,2025-12,4.05,2.44,151.55,-9.4,27.63,8.01
北京市,2026-01,2.51,,,-40.38,2.51,-40.38
北京市,2026-02,0.47,-2.04,-81.27,-44.71,2.98,-41.11
北京市,2026-03,1.2,0.73,155.32,-26.83,4.18,-37.61
北京市,2026-04,4.65,3.45,287.5,351.46,8.83,14.23
北京市,2026-05,0.37,-4.28,-92.04,428.57,9.2,17.95
北京市,2026-06,1.0,0.63,170.27,-79.38,10.2,-19.37
天津市,2023-07,3.45,,,,3.45,
天津市,2023-08,0.56,-2.89,-83.77,,4.01,
天津市,2023-09,2.23,1.67,298.21,,6.24,
天津市,2023-10,3.6,1.37,61.43,,9.84,
天津市,2023-11,4.0,0.4,11.11,,13.84,
天津市,2023-12,2.46,-1.54,-38.5,,16.3,
天津市,2024-01,0.41,,,,0.41,
天津市,2024-02,1.3,0.89,217.07,,1.71,
天津市,2024-03,3.42,2.12,163.08,,5.13,
天津市,2024-04,2.56,-0.86,-25.15,,7.69,
天津市,2024-05,4.35,1.79,69.92,,12.04,
天津市,2024-06,2.71,-1.64,-37.7,,14.75,
天津市,2024-07,1.44,-1.27,-46.86,-58.26,16.19,369.28
天津市,2024-08,2.18,0.74,51.39,289.29,18.37,358.1
天津市,2024-09,0.14,-2.04,-93.58,-93.72,18.51,196.63
天津市,2024-10,3.16,3.02,2157.14,-12.22,21.67,120.22
天津市,2024-11,2.88,-0.28,-8.86,-28.0,24.55,77.38
天津市,2024-12,3.94,1.06,36.81,60.16,28.49,74.79
天津市,2025-01,0.7,,,70.73,0.7,70.73
天津市,2025-02,3.34,2.64,377.14,156.92,4.04,136.26
天津市,2025-03,0.6,-2.74,-82.04,-82.46,4.64,-9.55
天津市,2025-04,1.82,1.22,203.33,-28.91,6.46,-15.99
天津市,2025-05,1.75,-0.07,-3.85,-59.77,8.21,-31.81
天津市,2025-06,4.21,2.46,140.57,55.35,12.42,-15.8
天津市,2025-07,0.37,-3.84,-91.21,-74.31,12.79,-21.0
天津市,2025-08,2.75,2.38,643.24,26.15,15.54,-15.41
天津市,2025-09,3.75,1.0,36.36,2578.57,19.29,4.21
天津市,2025-10,0.23,-3.52,-93.87,-92.72,19.52,-9.92
天津市,2025-11,3.98,3.75,1630.43,38.19,23.5,-4.28
天津市,2025-12,4.05,0.07,1.76,2.79,27.55,-3.3
天津市,2026-01,2.88,,,311.43,2.88,311.43
天津市,2026-02,4.49,1.61,55.9,34.43,7.37,82.43
天津市,2026-03,0.72,-3.77,-83.96,20.0,8.09,74.35
天津市,2026-04,4.04,3.32,461.11,121.98,12.13,87.77
天津市,2026-05,1.79,-2.25,-55.69,2.29,13.92,69.55
天津市,2026-06,2.57,0.78,43.58,-38.95,16.49,32.77
河北省,2023-07,771.66,,,,771.66,
河北省,2023-08,742.97,-28.69,-3.72,,1514.63,
河北省,2023-09,666.87,-76.1,-10.24,,2181.5,
河北省,2023-10,653.09,-13.78,-2.07,,2834.59,
河北省,2023-11,605.23,-47.86,-7.33,,3439.82,
河北省,2023-12,620.45,15.22,2.51,,4060.27,
河北省,2024-01,601.35,,,,601.35,
河北省,2024-02,674.93,73.58,12.24,,1276.28,
河北省,2024-03,685.86,10.93,1.62,,1962.14,
河北省,2024-04,740.56,54.7,7.98,,2702.7,
河北省,2024-05,766.26,25.7,3.47,,3468.96,
河北省,2024-06,847.55,81.29,10.61,,4316.51,
河北省,2024-07,786.79,-60.76,-7.17,1.96,5103.3,561.34
河北省,2024-08,751.85,-34.94,-4.44,1.2,5855.15,286.57
河北省,2024-09,662.19,-89.66,-11.93,-0.7,6517.34,198.75
河北省,2024-10,654.8,-7.39,-1.12,0.26,7172.14,153.02
河北省,2024-11,592.59,-62.21,-9.5,-2.09,7764.73,125.73
河北省,2024-12,636.16,43.57,7.35,2.53,8400.89,106.9
河北省,2025-01,612.38,,,1.83,612.38,1.83
河北省,2025-02,666.52,54.14,8.84,-1.25,1278.9,0.21
河北省,2025-03,726.05,59.53,8.93,5.86,2004.95,2.18
河北省,2025-04,775.76,49.71,6.85,4.75,2780.71,2.89
河北省,2025-05,806.13,30.37,3.91,5.2,3586.84,3.4
河北省,2025-06,818.89,12.76,1.58,-3.38,4405.73,2.07
河北省,2025-07,795.57,-23.32,-2.85,1.12,5201.3,1.92
河北省,2025-08,760.64,-34.93,-4.39,1.17,5961.94,1.82
河北省,2025-09,719.73,-40.91,-5.38,8.69,6681.67,2.52
河北省,2025-10,647.4,-72.33,-10.05,-1.13,7329.07,2.19
河北省,2025-11,610.17,-37.23,-5.75,2.97,7939.24,2.25
河北省,2025-12,578.76,-31.41,-5.15,-9.02,8518.0,1.39
河北省,2026-01,603.78,,,-1.4,603.78,-1.4
河北省,2026-02,660.45,56.67,9.39,-0.91,1264.23,-1.15
河北省,2026-03,717.35,56.9,8.62,-1.2,1981.58,-1.17
河北省,2026-04,799.57,82.22,11.46,3.07,2781.15,0.02
河北省,2026-05,810.9,11.33,1.42,0.59,3592.05,0.15
河北省,2026-06,832.49,21.59,2.66,1.66,4424.54,0.43
山西省,2023-07,11914.47,,,,11914.47,
山西省,2023-08,11665.7,-248.77,-2.09,,23580.17,
山西省,2023-09,10811.36,-854.34,-7.32,,34391.53,
山西省,2023-10,9530.3,-1281.06,-11.85,,43921.83,
山西省,2023-11,9940.16,409.86,4.3,,53861.99,
山西省,2023-12,8736.8,-1203.36,-12.11,,62598.79,
山西省,2024-01,9226.84,,,,9226.84,
山西省,2024-02,10337.38,1110.54,12.04,,19564.22,
山西省,2024-03,10803.21,465.83,4.51,,30367.43,
山西省,2024-04,11808.02,1004.81,9.3,,42175.45,
山西省,2024-05,12194.31,386.29,3.27,,54369.76,
山西省,2024-06,12376.1,181.79,1.49,,66745.86,
山西省,2024-07,11753.48,-622.62,-5.03,-1.35,78499.34,558.86
山西省,2024-08,11257.22,-496.26,-4.22,-3.5,89756.56,280.64
山西省,2024-09,10341.0,-916.22,-8.14,-4.35,100097.56,191.05
山西省,2024-10,10143.5,-197.5,-1.91,6.43,110241.06,150.99
山西省,2024-11,9087.66,-1055.84,-10.41,-8.58,119328.72,121.55
山西省,2024-12,8911.55,-176.11,-1.94,2.0,128240.27,104.86
山西省,2025-01,9087.98,,,-1.5,9087.98,-1.5
山西省,2025-02,9990.17,902.19,9.93,-3.36,19078.15,-2.48
山西省,2025-03,10390.53,400.36,4.01,-3.82,29468.68,-2.96
山西省,2025-04,10990.73,600.2,5.78,-6.92,40459.41,-4.07
山西省,2025-05,11916.98,926.25,8.43,-2.27,52376.39,-3.67
山西省,2025-06,12293.75,376.77,3.16,-0.67,64670.14,-3.11
山西省,2025-07,12204.89,-88.86,-0.72,3.84,76875.03,-2.07
山西省,2025-08,11796.66,-408.23,-3.34,4.79,88671.69,-1.21
山西省,2025-09,10861.36,-935.3,-7.93,5.03,99533.05,-0.56
山西省,2025-10,9657.78,-1203.58,-11.08,-4.79,109190.83,-0.95
山西省,2025-11,8920.14,-737.64,-7.64,-1.84,118110.97,-1.02
山西省,2025-12,9298.66,378.52,4.24,4.34,127409.63,-0.65
山西省,2026-01,9364.63,,,3.04,9364.63,3.04
山西省,2026-02,9443.58,78.95,0.84,-5.47,18808.21,-1.41
山西省,2026-03,11093.73,1650.15,17.47,6.77,29901.94,1.47
山西省,2026-04,11927.92,834.19,7.52,8.53,41829.86,3.39
山西省,2026-05,11926.58,-1.34,-0.01,0.08,53756.44,2.63
山西省,2026-06,12272.95,346.37,2.9,-0.17,66029.39,2.1
内蒙古自治区,2023-07,11441.08,,,,11441.08,
内蒙古自治区,2023-08,10621.63,-819.45,-7.16,,22062.71,
内蒙古自治区,2023-09,10278.61,-343.02,-3.23,,32341.32,
内蒙古自治区,2023-10,9480.02,-798.59,-7.77,,41821.34,
内蒙古自治区,2023-11,8576.37,-903.65,-9.53,,50397.71,
内蒙古自治区,2023-12,8514.66,-61.71,-0.72,,58912.37,
内蒙古自治区,2024-01,8857.35,,,,8857.35,
内蒙古自治区,2024-02,9466.29,608.94,6.87,,18323.64,
内蒙古自治区,2024-03,10364.56,898.27,9.49,,28688.2,
内蒙古自治区,2024-04,11283.59,919.03,8.87,,39971.79,
内蒙古自治区,2024-05,11408.24,124.65,1.1,,51380.03,
内蒙古自治区,2024-06,11403.98,-4.26,-0.04,,62784.01,
内蒙古自治区,2024-07,11255.2,-148.78,-1.3,-1.62,74039.21,547.13
内蒙古自治区,2024-08,11046.9,-208.3,-1.85,4.0,85086.11,285.66
内蒙古自治区,2024-09,10285.62,-761.28,-6.89,0.07,95371.73,194.89
内蒙古自治区,2024-10,8824.48,-1461.14,-14.21,-6.91,104196.21,149.15
内蒙古自治区,2024-11,8617.34,-207.14,-2.35,0.48,112813.55,123.85
内蒙古自治区,2024-12,8945.36,328.02,3.81,5.06,121758.91,106.68
内蒙古自治区,2025-01,8700.79,,,-1.77,8700.79,-1.77
内蒙古自治区,2025-02,9041.6,340.81,3.92,-4.49,17742.39,-3.17
内蒙古自治区,2025-03,10290.52,1248.92,13.81,-0.71,28032.91,-2.28
内蒙古自治区,2025-04,10370.37,79.85,0.78,-8.09,38403.28,-3.92
内蒙古自治区,2025-05,10963.68,593.31,5.72,-3.9,49366.96,-3.92
内蒙古自治区,2025-06,12310.27,1346.59,12.28,7.95,61677.23,-1.76
内蒙古自治区,2025-07,11717.73,-592.54,-4.81,4.11,73394.96,-0.87
内蒙古自治区,2025-08,11152.9,-564.83,-4.82,0.96,84547.86,-0.63
内蒙古自治区,2025-09,10187.83,-965.07,-8.65,-0.95,94735.69,-0.67
内蒙古自治区,2025-10,9923.53,-264.3,-2.59,12.45,104659.22,0.44
内蒙古自治区,2025-11,8390.91,-1532.62,-15.44,-2.63,113050.13,0.21
内蒙古自治区,2025-12,8783.64,392.73,4.68,-1.81,121833.77,0.06
内蒙古自治区,2026-01,9105.03,,,4.65,9105.03,4.65
内蒙古自治区,2026-02,9590.5,485.47,5.33,6.07,18695.53,5.37
内蒙古自治区,2026-03,10095.75,505.25,5.27,-1.89,28791.28,2.71
内蒙古自治区,2026-04,10931.45,835.7,8.28,5.41,39722.73,3.44
内蒙古自治区,2026-05,11517.08,585.63,5.36,5.05,51239.81,3.79
内蒙古自治区,2026-06,11924.31,407.23,3.54,-3.14,63164.12,2.41
辽宁省,2023-07,348.82,,,,348.82,
辽宁省,2023-08,330.51,-18.31,-5.25,,679.33,
辽宁省,2023-09,305.3,-25.21,-7.63,,984.63,
辽宁省,2023-10,279.9,-25.4,-8.32,,1264.53,
辽宁省,2023-11,266.48,-13.42,-4.79,,1531.01,
辽宁省,2023-12,259.88,-6.6,-2.48,,1790.89,
辽宁省,2024-01,260.86,,,,260.86,
辽宁省,2024-02,280.05,19.19,7.36,,540.91,
辽宁省,2024-03,306.39,26.34,9.41,,847.3,
辽宁省,2024-04,315.31,8.92,2.91,,1162.61,
辽宁省,2024-05,338.69,23.38,7.41,,1501.3,
辽宁省,2024-06,342.24,3.55,1.05,,1843.54,
辽宁省,2024-07,332.39,-9.85,-2.88,-4.71,2175.93,523.8
辽宁省,2024-08,323.34,-9.05,-2.72,-2.17,2499.27,267.9
辽宁省,2024-09,305.11,-18.23,-5.64,-0.06,2804.38,184.82
辽宁省,2024-10,294.99,-10.12,-3.32,5.39,3099.37,145.1
辽宁省,2024-11,255.48,-39.51,-13.39,-4.13,3354.85,119.13
辽宁省,2024-12,237.65,-17.83,-6.98,-8.55,3592.5,100.6
辽宁省,2025-01,273.74,,,4.94,273.74,4.94
辽宁省,2025-02,272.81,-0.93,-0.34,-2.59,546.55,1.04
辽宁省,2025-03,294.75,21.94,8.04,-3.8,841.3,-0.71
辽宁省,2025-04,316.91,22.16,7.52,0.51,1158.21,-0.38
辽宁省,2025-05,344.83,27.92,8.81,1.81,1503.04,0.12
辽宁省,2025-06,344.41,-0.42,-0.12,0.63,1847.45,0.21
辽宁省,2025-07,355.12,10.71,3.11,6.84,2202.57,1.22
辽宁省,2025-08,345.99,-9.13,-2.57,7.01,2548.56,1.97
辽宁省,2025-09,312.46,-33.53,-9.69,2.41,2861.02,2.02
辽宁省,2025-10,288.79,-23.67,-7.58,-2.1,3149.81,1.63
辽宁省,2025-11,279.28,-9.51,-3.29,9.32,3429.09,2.21
辽宁省,2025-12,260.63,-18.65,-6.68,9.67,3689.72,2.71
辽宁省,2026-01,269.34,,,-1.61,269.34,-1.61
辽宁省,2026-02,296.38,27.04,10.04,8.64,565.72,3.51
辽宁省,2026-03,305.33,8.95,3.02,3.59,871.05,3.54
辽宁省,2026-04,325.9,20.57,6.74,2.84,1196.95,3.34
辽宁省,2026-05,352.53,26.63,8.17,2.23,1549.48,3.09
辽宁省,2026-06,334.68,-17.85,-5.06,-2.83,1884.16,1.99
吉林省,2023-07,231.88,,,,231.88,
吉林省,2023-08,217.82,-14.06,-6.06,,449.7,
吉林省,2023-09,202.28,-15.54,-7.13,,651.98,
吉林省,2023-10,181.97,-20.31,-10.04,,833.95,
吉林省,2023-11,173.43,-8.54,-4.69,,1007.38,
吉林省,2023-12,179.21,5.78,3.33,,1186.59,
吉林省,2024-01,167.32,,,,167.32,
吉林省,2024-02,193.49,26.17,15.64,,360.81,
吉林省,2024-03,206.3,12.81,6.62,,567.11,
吉林省,2024-04,218.49,12.19,5.91,,785.6,
吉林省,2024-05,232.57,14.08,6.44,,1018.17,
吉林省,2024-06,230.05,-2.52,-1.08,,1248.22,
吉林省,2024-07,225.52,-4.53,-1.97,-2.74,1473.74,535.56
吉林省,2024-08,220.31,-5.21,-2.31,1.14,1694.05,276.71
吉林省,2024-09,199.5,-20.81,-9.45,-1.37,1893.55,190.43
吉林省,2024-10,186.32,-13.18,-6.61,2.39,2079.87,149.4
吉林省,2024-11,186.36,0.04,0.02,7.46,2266.23,124.96
吉林省,2024-12,169.21,-17.15,-9.2,-5.58,2435.44,105.25
吉林省,2025-01,176.87,,,5.71,176.87,5.71
吉林省,2025-02,181.61,4.74,2.68,-6.14,358.48,-0.65
吉林省,2025-03,201.21,19.6,10.79,-2.47,559.69,-1.31
吉林省,2025-04,212.87,11.66,5.79,-2.57,772.56,-1.66
吉林省,2025-05,237.8,24.93,11.71,2.25,1010.36,-0.77
吉林省,2025-06,230.25,-7.55,-3.17,0.09,1240.61,-0.61
吉林省,2025-07,227.06,-3.19,-1.39,0.68,1467.67,-0.41
吉林省,2025-08,221.88,-5.18,-2.28,0.71,1689.55,-0.27
吉林省,2025-09,205.17,-16.71,-7.53,2.84,1894.72,0.06
吉林省,2025-10,180.39,-24.78,-12.08,-3.18,2075.11,-0.23
吉林省,2025-11,185.0,4.61,2.56,-0.73,2260.11,-0.27
吉林省,2025-12,179.16,-5.84,-3.16,5.88,2439.27,0.16
吉林省,2026-01,182.29,,,3.06,182.29,3.06
吉林省,2026-02,196.13,13.84,7.59,8.0,378.42,5.56
吉林省,2026-03,199.71,3.58,1.83,-0.75,578.13,3.29
吉林省,2026-04,215.95,16.24,8.13,1.45,794.08,2.79
吉林省,2026-05,233.87,17.92,8.3,-1.65,1027.95,1.74
吉林省,2026-06,226.13,-7.74,-3.31,-1.79,1254.08,1.09
黑龙江省,2023-07,626.36,,,,626.36,
黑龙江省,2023-08,584.84,-41.52,-6.63,,1211.2,
黑龙江省,2023-09,564.12,-20.72,-3.54,,1775.32,
黑龙江省,2023-10,498.51,-65.61,-11.63,,2273.83,
黑龙江省,2023-11,519.52,21.01,4.21,,2793.35,
黑龙江省,2023-12,476.59,-42.93,-8.26,,3269.94,
黑龙江省,2024-01,486.47,,,,486.47,
黑龙江省,2024-02,521.71,35.24,7.24,,1008.18,
黑龙江省,2024-03,546.77,25.06,4.8,,1554.95,
黑龙江省,2024-04,598.4,51.63,9.44,,2153.35,
黑龙江省,2024-05,608.04,9.64,1.61,,2761.39,
黑龙江省,2024-06,666.62,58.58,9.63,,3428.01,
黑龙江省,2024-07,652.67,-13.95,-2.09,4.2,4080.68,551.49
黑龙江省,2024-08,575.21,-77.46,-11.87,-1.65,4655.89,284.4
黑龙江省,2024-09,535.15,-40.06,-6.96,-5.14,5191.04,192.4
黑龙江省,2024-10,491.9,-43.25,-8.08,-1.33,5682.94,149.93
黑龙江省,2024-11,485.89,-6.01,-1.22,-6.47,6168.83,120.84
黑龙江省,2024-12,468.56,-17.33,-3.57,-1.68,6637.39,102.98
黑龙江省,2025-01,473.67,,,-2.63,473.67,-2.63
黑龙江省,2025-02,506.37,32.7,6.9,-2.94,980.04,-2.79
黑龙江省,2025-03,556.89,50.52,9.98,1.85,1536.93,-1.16
黑龙江省,2025-04,582.97,26.08,4.68,-2.58,2119.9,-1.55
黑龙江省,2025-05,631.28,48.31,8.29,3.82,2751.18,-0.37
黑龙江省,2025-06,671.89,40.61,6.43,0.79,3423.07,-0.14
黑龙江省,2025-07,618.82,-53.07,-7.9,-5.19,4041.89,-0.95
黑龙江省,2025-08,609.61,-9.21,-1.49,5.98,4651.5,-0.09
黑龙江省,2025-09,550.22,-59.39,-9.74,2.82,5201.72,0.21
黑龙江省,2025-10,504.99,-45.23,-8.22,2.66,5706.71,0.42
黑龙江省,2025-11,471.53,-33.46,-6.63,-2.96,6178.24,0.15
黑龙江省,2025-12,481.65,10.12,2.15,2.79,6659.89,0.34
黑龙江省,2026-01,499.5,,,5.45,499.5,5.45
黑龙江省,2026-02,525.61,26.11,5.23,3.8,1025.11,4.6
黑龙江省,2026-03,544.52,18.91,3.6,-2.22,1569.63,2.13
黑龙江省,2026-04,615.98,71.46,13.12,5.66,2185.61,3.1
黑龙江省,2026-05,616.88,0.9,0.15,-2.28,2802.49,1.87
黑龙江省,2026-06,637.47,20.59,3.34,-5.12,3439.96,0.49
上海市,2023-07,3.38,,,,3.38,
上海市,2023-08,1.35,-2.03,-60.06,,4.73,
上海市,2023-09,2.57,1.22,90.37,,7.3,
上海市,2023-10,1.14,-1.43,-55.64,,8.44,
上海市,2023-11,1.0,-0.14,-12.28,,9.44,
上海市,2023-12,0.32,-0.68,-68.0,,9.76,
上海市,2024-01,3.4,,,,3.4,
上海市,2024-02,3.17,-0.23,-6.76,,6.57,
上海市,2024-03,0.38,-2.79,-88.01,,6.95,
上海市,2024-04,1.15,0.77,202.63,,8.1,
上海市,2024-05,0.11,-1.04,-90.43,,8.21,
上海市,2024-06,4.36,4.25,3863.64,,12.57,
上海市,2024-07,1.78,-2.58,-59.17,-47.34,14.35,324.56
上海市,2024-08,1.47,-0.31,-17.42,8.89,15.82,234.46
上海市,2024-09,1.11,-0.36,-24.49,-56.81,16.93,131.92
上海市,2024-10,0.07,-1.04,-93.69,-93.86,17.0,101.42
上海市,2024-11,3.03,2.96,4228.57,203.0,20.03,112.18
上海市,2024-12,0.76,-2.27,-74.92,137.5,20.79,113.01
上海市,2025-01,3.98,,,17.06,3.98,17.06
上海市,2025-02,4.65,0.67,16.83,46.69,8.63,31.35
上海市,2025-03,4.45,-0.2,-4.3,1071.05,13.08,88.2
上海市,2025-04,2.52,-1.93,-43.37,119.13,15.6,92.59
上海市,2025-05,2.95,0.43,17.06,2581.82,18.55,125.94
上海市,2025-06,4.19,1.24,42.03,-3.9,22.74,80.91
上海市,2025-07,2.77,-1.42,-33.89,55.62,25.51,77.77
上海市,2025-08,2.21,-0.56,-20.22,50.34,27.72,75.22
上海市,2025-09,4.03,1.82,82.35,263.06,31.75,87.54
上海市,2025-10,1.87,-2.16,-53.6,2571.43,33.62,97.76
上海市,2025-11,1.35,-0.52,-27.81,-55.45,34.97,74.59
上海市,2025-12,4.34,2.99,221.48,471.05,39.31,89.08
上海市,2026-01,2.46,,,-38.19,2.46,-38.19
上海市,2026-02,4.5,2.04,82.93,-3.23,6.96,-19.35
上海市,2026-03,2.45,-2.05,-45.56,-44.94,9.41,-28.06
上海市,2026-04,3.17,0.72,29.39,25.79,12.58,-19.36
上海市,2026-05,0.58,-2.59,-81.7,-80.34,13.16,-29.06
上海市,2026-06,2.96,2.38,410.34,-29.36,16.12,-29.11
江苏省,2023-07,281.4,,,,281.4,
江苏省,2023-08,266.43,-14.97,-5.32,,547.83,
江苏省,2023-09,241.01,-25.42,-9.54,,788.84,
江苏省,2023-10,226.88,-14.13,-5.86,,1015.72,
江苏省,2023-11,231.49,4.61,2.03,,1247.21,
江苏省,2023-12,218.03,-13.46,-5.81,,1465.24,
江苏省,2024-01,203.11,,,,203.11,
江苏省,2024-02,241.33,38.22,18.82,,444.44,
江苏省,2024-03,259.38,18.05,7.48,,703.82,
江苏省,2024-04,277.63,18.25,7.04,,981.45,
江苏省,2024-05,285.21,7.58,2.73,,1266.66,
江苏省,2024-06,294.16,8.95,3.14,,1560.82,
江苏省,2024-07,288.34,-5.82,-1.98,2.47,1849.16,557.13
江苏省,2024-08,266.92,-21.42,-7.43,0.18,2116.08,286.27
江苏省,2024-09,250.17,-16.75,-6.28,3.8,2366.25,199.97
江苏省,2024-10,231.36,-18.81,-7.52,1.97,2597.61,155.74
江苏省,2024-11,202.14,-29.22,-12.63,-12.68,2799.75,124.48
江苏省,2024-12,216.39,14.25,7.05,-0.75,3016.14,105.85
江苏省,2025-01,225.61,,,11.08,225.61,11.08
江苏省,2025-02,234.18,8.57,3.8,-2.96,459.79,3.45
江苏省,2025-03,253.51,19.33,8.25,-2.26,713.3,1.35
江苏省,2025-04,271.56,18.05,7.12,-2.19,984.86,0.35
江苏省,2025-05,294.73,23.17,8.53,3.34,1279.59,1.02
江苏省,2025-06,284.6,-10.13,-3.44,-3.25,1564.19,0.22
江苏省,2025-07,292.18,7.58,2.66,1.33,1856.37,0.39
江苏省,2025-08,265.09,-27.09,-9.27,-0.69,2121.46,0.25
江苏省,2025-09,250.27,-14.82,-5.59,0.04,2371.73,0.23
江苏省,2025-10,227.9,-22.37,-8.94,-1.5,2599.63,0.08
江苏省,2025-11,221.99,-5.91,-2.59,9.82,2821.62,0.78
江苏省,2025-12,216.48,-5.51,-2.48,0.04,3038.1,0.73
江苏省,2026-01,228.32,,,1.2,228.32,1.2
江苏省,2026-02,229.49,1.17,0.51,-2.0,457.81,-0.43
江苏省,2026-03,242.03,12.54,5.46,-4.53,699.84,-1.89
江苏省,2026-04,274.51,32.48,13.42,1.09,974.35,-1.07
江苏省,2026-05,283.93,9.42,3.43,-3.66,1258.28,-1.67
江苏省,2026-06,280.31,-3.62,-1.27,-1.51,1538.59,-1.64
浙江省,2023-07,3.29,,,,3.29,
浙江省,2023-08,1.58,-1.71,-51.98,,4.87,
浙江省,2023-09,1.29,-0.29,-18.35,,6.16,
浙江省,2023-10,0.36,-0.93,-72.09,,6.52,
浙江省,2023-11,4.68,4.32,1200.0,,11.2,
浙江省,2023-12,0.06,-4.62,-98.72,,11.26,
浙江省,2024-01,3.19,,,,3.19,
浙江省,2024-02,4.81,1.62,50.78,,8.0,
浙江省,2024-03,1.74,-3.07,-63.83,,9.74,
浙江省,2024-04,0.29,-1.45,-83.33,,10.03,
浙江省,2024-05,3.14,2.85,982.76,,13.17,
浙江省,2024-06,1.25,-1.89,-60.19,,14.42,
浙江省,2024-07,4.68,3.43,274.4,42.25,19.1,480.55
浙江省,2024-08,2.13,-2.55,-54.49,34.81,21.23,335.93
浙江省,2024-09,1.19,-0.94,-44.13,-7.75,22.42,263.96
浙江省,2024-10,2.51,1.32,110.92,597.22,24.93,282.36
浙江省,2024-11,4.19,1.68,66.93,-10.47,29.12,160.0
浙江省,2024-12,1.71,-2.48,-59.19,2750.0,30.83,173.8
浙江省,2025-01,2.62,,,-17.87,2.62,-17.87
浙江省,2025-02,1.62,-1.0,-38.17,-66.32,4.24,-47.0
浙江省,2025-03,2.69,1.07,66.05,54.6,6.93,-28.85
浙江省,2025-04,4.37,1.68,62.45,1406.9,11.3,12.66
浙江省,2025-05,3.92,-0.45,-10.3,24.84,15.22,15.57
浙江省,2025-06,4.06,0.14,3.57,224.8,19.28,33.7
浙江省,2025-07,3.14,-0.92,-22.66,-32.91,22.42,17.38
浙江省,2025-08,0.42,-2.72,-86.62,-80.28,22.84,7.58
浙江省,2025-09,4.65,4.23,1007.14,290.76,27.49,22.61
浙江省,2025-10,0.35,-4.3,-92.47,-86.06,27.84,11.67
浙江省,2025-11,0.87,0.52,148.57,-79.24,28.71,-1.41
浙江省,2025-12,3.51,2.64,303.45,105.26,32.22,4.51
浙江省,2026-01,4.77,,,82.06,4.77,82.06
浙江省,2026-02,4.44,-0.33,-6.92,174.07,9.21,117.22
浙江省,2026-03,3.64,-0.8,-18.02,35.32,12.85,85.43
浙江省,2026-04,1.59,-2.05,-56.32,-63.62,14.44,27.79
浙江省,2026-05,1.63,0.04,2.52,-58.42,16.07,5.58
浙江省,2026-06,3.42,1.79,109.82,-15.76,19.49,1.09
安徽省,2023-07,1218.66,,,,1218.66,
安徽省,2023-08,1078.5,-140.16,-11.5,,2297.16,
安徽省,2023-09,1061.72,-16.78,-1.56,,3358.88,
安徽省,2023-10,958.54,-103.18,-9.72,,4317.42,
安徽省,2023-11,886.88,-71.66,-7.48,,5204.3,
安徽省,2023-12,815.29,-71.59,-8.07,,6019.59,
安徽省,2024-01,878.72,,,,878.72,
安徽省,2024-02,953.73,75.01,8.54,,1832.45,
安徽省,2024-03,983.89,30.16,3.16,,2816.34,
安徽省,2024-04,1040.64,56.75,5.77,,3856.98,
安徽省,2024-05,1134.4,93.76,9.01,,4991.38,
安徽省,2024-06,1192.14,57.74,5.09,,6183.52,
安徽省,2024-07,1154.62,-37.52,-3.15,-5.25,7338.14,502.15
安徽省,2024-08,1050.93,-103.69,-8.98,-2.56,8389.07,265.19
安徽省,2024-09,975.12,-75.81,-7.21,-8.16,9364.19,178.79
安徽省,2024-10,902.86,-72.26,-7.41,-5.81,10267.05,137.81
安徽省,2024-11,908.57,5.71,0.63,2.45,11175.62,114.74
安徽省,2024-12,802.38,-106.19,-11.69,-1.58,11978.0,98.98
安徽省,2025-01,887.31,,,0.98,887.31,0.98
安徽省,2025-02,963.06,75.75,8.54,0.98,1850.37,0.98
安徽省,2025-03,1002.34,39.28,4.08,1.88,2852.71,1.29
安徽省,2025-04,1026.12,23.78,2.37,-1.4,3878.83,0.57
安徽省,2025-05,1190.58,164.46,16.03,4.95,5069.41,1.56
安徽省,2025-06,1101.62,-88.96,-7.47,-7.59,6171.03,-0.2
安徽省,2025-07,1186.4,84.78,7.7,2.75,7357.43,0.26
安徽省,2025-08,1110.99,-75.41,-6.36,5.71,8468.42,0.95
安徽省,2025-09,1078.34,-32.65,-2.94,10.59,9546.76,1.95
安徽省,2025-10,1003.05,-75.29,-6.98,11.1,10549.81,2.75
安徽省,2025-11,868.07,-134.98,-13.46,-4.46,11417.88,2.17
安徽省,2025-12,850.77,-17.3,-1.99,6.03,12268.65,2.43
安徽省,2026-01,924.83,,,4.23,924.83,4.23
安徽省,2026-02,944.43,19.6,2.12,-1.93,1869.26,1.02
安徽省,2026-03,1009.66,65.23,6.91,0.73,2878.92,0.92
安徽省,2026-04,1106.15,96.49,9.56,7.8,3985.07,2.74
安徽省,2026-05,1184.63,78.48,7.09,-0.5,5169.7,1.98
安徽省,2026-06,1220.38,35.75,3.02,10.78,6390.08,3.55
福建省,2023-07,170.96,,,,170.96,
福建省,2023-08,166.07,-4.89,-2.86,,337.03,
福建省,2023-09,148.94,-17.13,-10.31,,485.97,
福建省,2023-10,138.95,-9.99,-6.71,,624.92,
福建省,2023-11,127.58,-11.37,-8.18,,752.5,
福建省,2023-12,124.88,-2.7,-2.12,,877.38,
福建省,2024-01,130.22,,,,130.22,
福建省,2024-02,140.23,10.01,7.69,,270.45,
福建省,2024-03,146.47,6.24,4.45,,416.92,
福建省,2024-04,162.89,16.42,11.21,,579.81,
福建省,2024-05,171.79,8.9,5.46,,751.6,
福建省,2024-06,173.32,1.53,0.89,,924.92,
福建省,2024-07,171.6,-1.72,-0.99,0.37,1096.52,541.39
福建省,2024-08,156.74,-14.86,-8.66,-5.62,1253.26,271.85
福建省,2024-09,150.94,-5.8,-3.7,1.34,1404.2,188.95
福建省,2024-10,138.94,-12.0,-7.95,-0.01,1543.14,146.93
福建省,2024-11,134.4,-4.54,-3.27,5.35,1677.54,122.93
福建省,2024-12,131.62,-2.78,-2.07,5.4,1809.16,106.2
福建省,2025-01,132.29,,,1.59,132.29,1.59
福建省,2025-02,137.7,5.41,4.09,-1.8,269.99,-0.17
福建省,2025-03,151.53,13.83,10.04,3.45,421.52,1.1
福建省,2025-04,162.74,11.21,7.4,-0.09,584.26,0.77
福建省,2025-05,175.6,12.86,7.9,2.22,759.86,1.1
福建省,2025-06,167.09,-8.51,-4.85,-3.59,926.95,0.22
福建省,2025-07,173.9,6.81,4.08,1.34,1100.85,0.39
福建省,2025-08,163.52,-10.38,-5.97,4.33,1264.37,0.89
福建省,2025-09,154.87,-8.65,-5.29,2.6,1419.24,1.07
福建省,2025-10,148.25,-6.62,-4.27,6.7,1567.49,1.58
福建省,2025-11,136.35,-11.9,-8.03,1.45,1703.84,1.57
福建省,2025-12,123.43,-12.92,-9.48,-6.22,1827.27,1.0
福建省,2026-01,131.68,,,-0.46,131.68,-0.46
福建省,2026-02,133.98,2.3,1.75,-2.7,265.66,-1.6
福建省,2026-03,152.77,18.79,14.02,0.82,418.43,-0.73
福建省,2026-04,160.66,7.89,5.16,-1.28,579.09,-0.88
福建省,2026-05,176.78,16.12,10.03,0.67,755.87,-0.53
福建省,2026-06,182.55,5.77,3.26,9.25,938.42,1.24
江西省,2023-07,238.13,,,,238.13,
江西省,2023-08,217.53,-20.6,-8.65,,455.66,
江西省,2023-09,196.22,-21.31,-9.8,,651.88,
江西省,2023-10,188.55,-7.67,-3.91,,840.43,
江西省,2023-11,173.99,-14.56,-7.72,,1014.42,
江西省,2023-12,170.03,-3.96,-2.28,,1184.45,
江西省,2024-01,172.26,,,,172.26,
江西省,2024-02,185.99,13.73,7.97,,358.25,
江西省,2024-03,193.46,7.47,4.02,,551.71,
江西省,2024-04,209.46,16.0,8.27,,761.17,
江西省,2024-05,233.62,24.16,11.53,,994.79,
江西省,2024-06,227.17,-6.45,-2.76,,1221.96,
江西省,2024-07,213.39,-13.78,-6.07,-10.39,1435.35,502.76
江西省,2024-08,207.33,-6.06,-2.84,-4.69,1642.68,260.51
江西省,2024-09,193.71,-13.62,-6.57,-1.28,1836.39,181.71
江西省,2024-10,170.46,-23.25,-12.0,-9.59,2006.85,138.79
江西省,2024-11,175.94,5.48,3.21,1.12,2182.79,115.18
江西省,2024-12,173.73,-2.21,-1.26,2.18,2356.52,98.95
江西省,2025-01,169.66,,,-1.51,169.66,-1.51
江西省,2025-02,185.62,15.96,9.41,-0.2,355.28,-0.83
江西省,2025-03,196.91,11.29,6.08,1.78,552.19,0.09
江西省,2025-04,214.45,17.54,8.91,2.38,766.64,0.72
江西省,2025-05,227.25,12.8,5.97,-2.73,993.89,-0.09
江西省,2025-06,240.14,12.89,5.67,5.71,1234.03,0.99
江西省,2025-07,224.05,-16.09,-6.7,5.0,1458.08,1.58
江西省,2025-08,221.85,-2.2,-0.98,7.0,1679.93,2.27
江西省,2025-09,211.72,-10.13,-4.57,9.3,1891.65,3.01
江西省,2025-10,186.36,-25.36,-11.98,9.33,2078.01,3.55
江西省,2025-11,187.88,1.52,0.82,6.79,2265.89,3.81
江西省,2025-12,179.33,-8.55,-4.55,3.22,2445.22,3.76
江西省,2026-01,172.39,,,1.61,172.39,1.61
江西省,2026-02,189.65,17.26,10.01,2.17,362.04,1.9
江西省,2026-03,201.07,11.42,6.02,2.11,563.11,1.98
江西省,2026-04,227.93,26.86,13.36,6.29,791.04,3.18
江西省,2026-05,231.18,3.25,1.43,1.73,1022.22,2.85
江西省,2026-06,229.15,-2.03,-0.88,-4.58,1251.37,1.41
山东省,2023-07,914.11,,,,914.11,
山东省,2023-08,884.87,-29.24,-3.2,,1798.98,
山东省,2023-09,844.07,-40.8,-4.61,,2643.05,
山东省,2023-10,773.26,-70.81,-8.39,,3416.31,
山东省,2023-11,684.31,-88.95,-11.5,,4100.62,
山东省,2023-12,680.3,-4.01,-0.59,,4780.92,
山东省,2024-01,721.94,,,,721.94,
山东省,2024-02,768.89,46.95,6.5,,1490.83,
山东省,2024-03,826.51,57.62,7.49,,2317.34,
山东省,2024-04,840.68,14.17,1.71,,3158.02,
山东省,2024-05,930.72,90.04,10.71,,4088.74,
山东省,2024-06,925.29,-5.43,-0.58,,5014.03,
山东省,2024-07,927.67,2.38,0.26,1.48,5941.7,550.0
山东省,2024-08,880.92,-46.75,-5.04,-0.45,6822.62,279.25
山东省,2024-09,742.84,-138.08,-15.67,-11.99,7565.46,186.24
山东省,2024-10,766.33,23.49,3.16,-0.9,8331.79,143.88
山东省,2024-11,709.39,-56.94,-7.43,3.67,9041.18,120.48
山东省,2024-12,687.24,-22.15,-3.12,1.02,9728.42,103.48
山东省,2025-01,664.76,,,-7.92,664.76,-7.92
山东省,2025-02,714.66,49.9,7.51,-7.05,1379.42,-7.47
山东省,2025-03,756.72,42.06,5.89,-8.44,2136.14,-7.82
山东省,2025-04,839.2,82.48,10.9,-0.18,2975.34,-5.78
山东省,2025-05,908.18,68.98,8.22,-2.42,3883.52,-5.02
山东省,2025-06,914.05,5.87,0.65,-1.21,4797.57,-4.32
山东省,2025-07,954.16,40.11,4.39,2.86,5751.73,-3.2
山东省,2025-08,880.2,-73.96,-7.75,-0.08,6631.93,-2.79
山东省,2025-09,813.7,-66.5,-7.56,9.54,7445.63,-1.58
山东省,2025-10,715.05,-98.65,-12.12,-6.69,8160.68,-2.05
山东省,2025-11,715.87,0.82,0.11,0.91,8876.55,-1.82
山东省,2025-12,696.47,-19.4,-2.71,1.34,9573.02,-1.6
山东省,2026-01,685.16,,,3.07,685.16,3.07
山东省,2026-02,715.94,30.78,4.49,0.18,1401.1,1.57
山东省,2026-03,810.68,94.74,13.23,7.13,2211.78,3.54
山东省,2026-04,875.38,64.7,7.98,4.31,3087.16,3.76
山东省,2026-05,950.15,74.77,8.54,4.62,4037.31,3.96
山东省,2026-06,927.13,-23.02,-2.42,1.43,4964.44,3.48
河南省,2023-07,993.96,,,,993.96,
河南省,2023-08,933.93,-60.03,-6.04,,1927.89,
河南省,2023-09,898.65,-35.28,-3.78,,2826.54,
河南省,2023-10,819.9,-78.75,-8.76,,3646.44,
河南省,2023-11,784.61,-35.29,-4.3,,4431.05,
河南省,2023-12,806.53,21.92,2.79,,5237.58,
河南省,2024-01,737.26,,,,737.26,
河南省,2024-02,849.9,112.64,15.28,,1587.16,
河南省,2024-03,968.15,118.25,13.91,,2555.31,
河南省,2024-04,948.07,-20.08,-2.07,,3503.38,
河南省,2024-05,1010.56,62.49,6.59,,4513.94,
河南省,2024-06,1022.91,12.35,1.22,,5536.85,
河南省,2024-07,1078.41,55.5,5.43,8.5,6615.26,565.55
河南省,2024-08,991.66,-86.75,-8.04,6.18,7606.92,294.57
河南省,2024-09,944.99,-46.67,-4.71,5.16,8551.91,202.56
河南省,2024-10,795.22,-149.77,-15.85,-3.01,9347.13,156.34
河南省,2024-11,746.41,-48.81,-6.14,-4.87,10093.54,127.79
河南省,2024-12,763.16,16.75,2.24,-5.38,10856.7,107.28
河南省,2025-01,866.51,,,17.53,866.51,17.53
河南省,2025-02,893.3,26.79,3.09,5.11,1759.81,10.88
河南省,2025-03,893.58,0.28,0.03,-7.7,2653.39,3.84
河南省,2025-04,976.92,83.34,9.33,3.04,3630.31,3.62
河南省,2025-05,1007.55,30.63,3.14,-0.3,4637.86,2.75
河南省,2025-06,1034.6,27.05,2.68,1.14,5672.46,2.45
河南省,2025-07,976.04,-58.56,-5.66,-9.49,6648.5,0.5
河南省,2025-08,973.1,-2.94,-0.3,-1.87,7621.6,0.19
河南省,2025-09,932.04,-41.06,-4.22,-1.37,8553.64,0.02
河南省,2025-10,873.33,-58.71,-6.3,9.82,9426.97,0.85
河南省,2025-11,747.41,-125.92,-14.42,0.13,10174.38,0.8
河南省,2025-12,800.87,53.46,7.15,4.94,10975.25,1.09
河南省,2026-01,816.4,,,-5.78,816.4,-5.78
河南省,2026-02,833.71,17.31,2.12,-6.67,1650.11,-6.23
河南省,2026-03,928.73,95.02,11.4,3.93,2578.84,-2.81
河南省,2026-04,1027.3,98.57,10.61,5.16,3606.14,-0.67
河南省,2026-05,1111.7,84.4,8.22,10.34,4717.84,1.72
河南省,2026-06,1076.42,-35.28,-3.17,4.04,5794.26,2.15
湖北省,2023-07,117.95,,,,117.95,
湖北省,2023-08,104.51,-13.44,-11.39,,222.46,
湖北省,2023-09,99.08,-5.43,-5.2,,321.54,
湖北省,2023-10,94.4,-4.68,-4.72,,415.94,
湖北省,2023-11,91.45,-2.95,-3.13,,507.39,
湖北省,2023-12,88.27,-3.18,-3.48,,595.66,
湖北省,2024-01,89.3,,,,89.3,
湖北省,2024-02,91.71,2.41,2.7,,181.01,
湖北省,2024-03,108.08,16.37,17.85,,289.09,
湖北省,2024-04,106.23,-1.85,-1.71,,395.32,
湖北省,2024-05,112.13,5.9,5.55,,507.45,
湖北省,2024-06,118.95,6.82,6.08,,626.4,
湖北省,2024-07,110.96,-7.99,-6.72,-5.93,737.36,525.15
湖北省,2024-08,108.24,-2.72,-2.45,3.57,845.6,280.11
湖北省,2024-09,99.26,-8.98,-8.3,0.18,944.86,193.85
湖北省,2024-10,92.83,-6.43,-6.48,-1.66,1037.69,149.48
湖北省,2024-11,84.86,-7.97,-8.59,-7.21,1122.55,121.24
湖北省,2024-12,87.06,2.2,2.59,-1.37,1209.61,103.07
湖北省,2025-01,89.11,,,-0.21,89.11,-0.21
湖北省,2025-02,91.24,2.13,2.39,-0.51,180.35,-0.36
湖北省,2025-03,101.14,9.9,10.85,-6.42,281.49,-2.63
湖北省,2025-04,112.43,11.29,11.16,5.84,393.92,-0.35
湖北省,2025-05,113.63,1.2,1.07,1.34,507.55,0.02
湖北省,2025-06,116.37,2.74,2.41,-2.17,623.92,-0.4
湖北省,2025-07,118.91,2.54,2.18,7.16,742.83,0.74
湖北省,2025-08,113.13,-5.78,-4.86,4.52,855.96,1.23
湖北省,2025-09,105.33,-7.8,-6.89,6.12,961.29,1.74
湖北省,2025-10,96.67,-8.66,-8.22,4.14,1057.96,1.95
湖北省,2025-11,89.93,-6.74,-6.97,5.97,1147.89,2.26
湖北省,2025-12,86.44,-3.49,-3.88,-0.71,1234.33,2.04
湖北省,2026-01,85.3,,,-4.28,85.3,-4.28
湖北省,2026-02,91.54,6.24,7.32,0.33,176.84,-1.95
湖北省,2026-03,105.26,13.72,14.99,4.07,282.1,0.22
湖北省,2026-04,110.06,4.8,4.56,-2.11,392.16,-0.45
湖北省,2026-05,113.75,3.69,3.35,0.11,505.91,-0.32
湖北省,2026-06,120.14,6.39,5.62,3.24,626.05,0.34
湖南省,2023-07,286.74,,,,286.74,
湖南省,2023-08,266.43,-20.31,-7.08,,553.17,
湖南省,2023-09,260.74,-5.69,-2.14,,813.91,
湖南省,2023-10,228.13,-32.61,-12.51,,1042.04,
湖南省,2023-11,211.56,-16.57,-7.26,,1253.6,
湖南省,2023-12,223.18,11.62,5.49,,1476.78,
湖南省,2024-01,223.86,,,,223.86,
湖南省,2024-02,226.15,2.29,1.02,,450.01,
湖南省,2024-03,244.87,18.72,8.28,,694.88,
湖南省,2024-04,268.64,23.77,9.71,,963.52,
湖南省,2024-05,287.3,18.66,6.95,,1250.82,
湖南省,2024-06,296.71,9.41,3.28,,1547.53,
湖南省,2024-07,283.33,-13.38,-4.51,-1.19,1830.86,538.51
湖南省,2024-08,278.71,-4.62,-1.63,4.61,2109.57,281.36
湖南省,2024-09,250.96,-27.75,-9.96,-3.75,2360.53,190.02
湖南省,2024-10,222.03,-28.93,-11.53,-2.67,2582.56,147.84
湖南省,2024-11,220.93,-1.1,-0.5,4.43,2803.49,123.64
湖南省,2024-12,220.41,-0.52,-0.24,-1.24,3023.9,104.76
湖南省,2025-01,214.4,,,-4.23,214.4,-4.23
湖南省,2025-02,227.59,13.19,6.15,0.64,441.99,-1.78
湖南省,2025-03,264.35,36.76,16.15,7.96,706.34,1.65
湖南省,2025-04,279.2,14.85,5.62,3.93,985.54,2.29
湖南省,2025-05,293.78,14.58,5.22,2.26,1279.32,2.28
湖南省,2025-06,295.02,1.24,0.42,-0.57,1574.34,1.73
湖南省,2025-07,290.09,-4.93,-1.67,2.39,1864.43,1.83
湖南省,2025-08,263.53,-26.56,-9.16,-5.45,2127.96,0.87
湖南省,2025-09,249.08,-14.45,-5.48,-0.75,2377.04,0.7
湖南省,2025-10,234.4,-14.68,-5.89,5.57,2611.44,1.12
湖南省,2025-11,225.15,-9.25,-3.95,1.91,2836.59,1.18
湖南省,2025-12,207.47,-17.68,-7.85,-5.87,3044.06,0.67
湖南省,2026-01,214.76,,,0.17,214.76,0.17
湖南省,2026-02,232.95,18.19,8.47,2.36,447.71,1.29
湖南省,2026-03,246.54,13.59,5.83,-6.74,694.25,-1.71
湖南省,2026-04,258.92,12.38,5.02,-7.26,953.17,-3.28
湖南省,2026-05,277.87,18.95,7.32,-5.42,1231.04,-3.77
湖南省,2026-06,289.03,11.16,4.02,-2.03,1520.07,-3.45
广东省,2023-07,0.53,,,,0.53,
广东省,2023-08,4.67,4.14,781.13,,5.2,
广东省,2023-09,4.85,0.18,3.85,,10.05,
广东省,2023-10,3.4,-1.45,-29.9,,13.45,
广东省,2023-11,0.16,-3.24,-95.29,,13.61,
广东省,2023-12,2.28,2.12,1325.0,,15.89,
广东省,2024-01,2.1,,,,2.1,
广东省,2024-02,2.71,0.61,29.05,,4.81,
广东省,2024-03,4.12,1.41,52.03,,8.93,
广东省,2024-04,1.75,-2.37,-57.52,,10.68,
广东省,2024-05,2.4,0.65,37.14,,13.08,
广东省,2024-06,4.25,1.85,77.08,,17.33,
广东省,2024-07,3.32,-0.93,-21.88,526.42,20.65,3796.23
广东省,2024-08,4.0,0.68,20.48,-14.35,24.65,374.04
广东省,2024-09,3.26,-0.74,-18.5,-32.78,27.91,177.71
广东省,2024-10,4.98,1.72,52.76,46.47,32.89,144.54
广东省,2024-11,4.92,-0.06,-1.2,2975.0,37.81,177.81
广东省,2024-12,4.38,-0.54,-10.98,92.11,42.19,165.51
广东省,2025-01,3.33,,,58.57,3.33,58.57
广东省,2025-02,0.94,-2.39,-71.77,-65.31,4.27,-11.23
广东省,2025-03,0.43,-0.51,-54.26,-89.56,4.7,-47.37
广东省,2025-04,0.41,-0.02,-4.65,-76.57,5.11,-52.15
广东省,2025-05,2.57,2.16,526.83,7.08,7.68,-41.28
广东省,2025-06,4.32,1.75,68.09,1.65,12.0,-30.76
广东省,2025-07,2.27,-2.05,-47.45,-31.63,14.27,-30.9
广东省,2025-08,0.51,-1.76,-77.53,-87.25,14.78,-40.04
广东省,2025-09,1.7,1.19,233.33,-47.85,16.48,-40.95
广东省,2025-10,0.81,-0.89,-52.35,-83.73,17.29,-47.43
广东省,2025-11,2.04,1.23,151.85,-58.54,19.33,-48.88
广东省,2025-12,3.25,1.21,59.31,-25.8,22.58,-46.48
广东省,2026-01,4.7,,,41.14,4.7,41.14
广东省,2026-02,4.49,-0.21,-4.47,377.66,9.19,115.22
广东省,2026-03,1.19,-3.3,-73.5,176.74,10.38,120.85
广东省,2026-04,4.48,3.29,276.47,992.68,14.86,190.8
广东省,2026-05,1.55,-2.93,-65.4,-39.69,16.41,113.67
广东省,2026-06,0.49,-1.06,-68.39,-88.66,16.9,40.83
广西壮族自治区,2023-07,113.26,,,,113.26,
广西壮族自治区,2023-08,107.23,-6.03,-5.32,,220.49,
广西壮族自治区,2023-09,100.02,-7.21,-6.72,,320.51,
广西壮族自治区,2023-10,89.32,-10.7,-10.7,,409.83,
广西壮族自治区,2023-11,84.06,-5.26,-5.89,,493.89,
广西壮族自治区,2023-12,83.38,-0.68,-0.81,,577.27,
广西壮族自治区,2024-01,90.31,,,,90.31,
广西壮族自治区,2024-02,93.71,3.4,3.76,,184.02,
广西壮族自治区,2024-03,100.48,6.77,7.22,,284.5,
广西壮族自治区,2024-04,109.76,9.28,9.24,,394.26,
广西壮族自治区,2024-05,115.44,5.68,5.17,,509.7,
广西壮族自治区,2024-06,119.63,4.19,3.63,,629.33,
广西壮族自治区,2024-07,115.55,-4.08,-3.41,2.02,744.88,557.67
广西壮族自治区,2024-08,111.25,-4.3,-3.72,3.75,856.13,288.29
广西壮族自治区,2024-09,98.52,-12.73,-11.44,-1.5,954.65,197.85
广西壮族自治区,2024-10,90.92,-7.6,-7.71,1.79,1045.57,155.12
广西壮族自治区,2024-11,89.16,-1.76,-1.94,6.07,1134.73,129.75
广西壮族自治区,2024-12,90.38,1.22,1.37,8.4,1225.11,112.22
广西壮族自治区,2025-01,92.67,,,2.61,92.67,2.61
广西壮族自治区,2025-02,96.33,3.66,3.95,2.8,189.0,2.71
广西壮族自治区,2025-03,99.2,2.87,2.98,-1.27,288.2,1.3
广西壮族自治区,2025-04,110.36,11.16,11.25,0.55,398.56,1.09
广西壮族自治区,2025-05,113.41,3.05,2.76,-1.76,511.97,0.45
广西壮族自治区,2025-06,116.21,2.8,2.47,-2.86,628.18,-0.18
广西壮族自治区,2025-07,117.51,1.3,1.12,1.7,745.69,0.11
广西壮族自治区,2025-08,110.89,-6.62,-5.63,-0.32,856.58,0.05
广西壮族自治区,2025-09,104.13,-6.76,-6.1,5.69,960.71,0.63
广西壮族自治区,2025-10,95.15,-8.98,-8.62,4.65,1055.86,0.98
广西壮族自治区,2025-11,89.74,-5.41,-5.69,0.65,1145.6,0.96
广西壮族自治区,2025-12,90.73,0.99,1.1,0.39,1236.33,0.92
广西壮族自治区,2026-01,90.12,,,-2.75,90.12,-2.75
广西壮族自治区,2026-02,98.04,7.92,8.79,1.78,188.16,-0.44
广西壮族自治区,2026-03,101.06,3.02,3.08,1.87,289.22,0.35
广西壮族自治区,2026-04,113.65,12.59,12.46,2.98,402.87,1.08
广西壮族自治区,2026-05,117.45,3.8,3.34,3.56,520.32,1.63
广西壮族自治区,2026-06,115.5,-1.95,-1.66,-0.61,635.82,1.22
海南省,2023-07,1.08,,,,1.08,
海南省,2023-08,0.29,-0.79,-73.15,,1.37,
海南省,2023-09,1.8,1.51,520.69,,3.17,
海南省,2023-10,4.98,3.18,176.67,,8.15,
海南省,2023-11,0.84,-4.14,-83.13,,8.99,
海南省,2023-12,2.91,2.07,246.43,,11.9,
海南省,2024-01,3.27,,,,3.27,
海南省,2024-02,2.7,-0.57,-17.43,,5.97,
海南省,2024-03,4.26,1.56,57.78,,10.23,
海南省,2024-04,0.88,-3.38,-79.34,,11.11,
海南省,2024-05,4.37,3.49,396.59,,15.48,
海南省,2024-06,3.66,-0.71,-16.25,,19.14,
海南省,2024-07,3.6,-0.06,-1.64,233.33,22.74,2005.56
海南省,2024-08,4.74,1.14,31.67,1534.48,27.48,1905.84
海南省,2024-09,1.16,-3.58,-75.53,-35.56,28.64,803.47
海南省,2024-10,3.32,2.16,186.21,-33.33,31.96,292.15
海南省,2024-11,2.12,-1.2,-36.14,152.38,34.08,279.09
海南省,2024-12,1.56,-0.56,-26.42,-46.39,35.64,199.5
海南省,2025-01,1.01,,,-69.11,1.01,-69.11
海南省,2025-02,2.78,1.77,175.25,2.96,3.79,-36.52
海南省,2025-03,2.97,0.19,6.83,-30.28,6.76,-33.92
海南省,2025-04,3.45,0.48,16.16,292.05,10.21,-8.1
海南省,2025-05,1.96,-1.49,-43.19,-55.15,12.17,-21.38
海南省,2025-06,2.34,0.38,19.39,-36.07,14.51,-24.19
海南省,2025-07,4.85,2.51,107.26,34.72,19.36,-14.86
海南省,2025-08,4.44,-0.41,-8.45,-6.33,23.8,-13.39
海南省,2025-09,4.95,0.51,11.49,326.72,28.75,0.38
海南省,2025-10,3.13,-1.82,-36.77,-5.72,31.88,-0.25
海南省,2025-11,2.19,-0.94,-30.03,3.3,34.07,-0.03
海南省,2025-12,4.57,2.38,108.68,192.95,38.64,8.42
海南省,2026-01,0.98,,,-2.97,0.98,-2.97
海南省,2026-02,3.17,2.19,223.47,14.03,4.15,9.5
海南省,2026-03,4.93,1.76,55.52,65.99,9.08,34.32
海南省,2026-04,4.36,-0.57,-11.56,26.38,13.44,31.64
海南省,2026-05,4.32,-0.04,-0.92,120.41,17.76,45.93
海南省,2026-06,0.23,-4.09,-94.68,-90.17,17.99,23.98
重庆市,2023-07,335.12,,,,335.12,
重庆市,2023-08,325.01,-10.11,-3.02,,660.13,
重庆市,2023-09,285.65,-39.36,-12.11,,945.78,
重庆市,2023-10,297.4,11.75,4.11,,1243.18,
重庆市,2023-11,263.51,-33.89,-11.4,,1506.69,
重庆市,2023-12,272.06,8.55,3.24,,1778.75,
重庆市,2024-01,267.88,,,,267.88,
重庆市,2024-02,279.15,11.27,4.21,,547.03,
重庆市,2024-03,293.93,14.78,5.29,,840.96,
重庆市,2024-04,328.72,34.79,11.84,,1169.68,
重庆市,2024-05,328.9,0.18,0.05,,1498.58,
重庆市,2024-06,352.89,23.99,7.29,,1851.47,
重庆市,2024-07,328.51,-24.38,-6.91,-1.97,2179.98,550.51
重庆市,2024-08,340.8,12.29,3.74,4.86,2520.78,281.86
重庆市,2024-09,306.87,-33.93,-9.96,7.43,2827.65,198.98
重庆市,2024-10,286.23,-20.64,-6.73,-3.76,3113.88,150.48
重庆市,2024-11,265.45,-20.78,-7.26,0.74,3379.33,124.29
重庆市,2024-12,277.99,12.54,4.72,2.18,3657.32,105.61
重庆市,2025-01,268.18,,,0.11,268.18,0.11
重庆市,2025-02,287.38,19.2,7.16,2.95,555.56,1.56
重庆市,2025-03,293.95,6.57,2.29,0.01,849.51,1.02
重庆市,2025-04,317.12,23.17,7.88,-3.53,1166.63,-0.26
重庆市,2025-05,339.4,22.28,7.03,3.19,1506.03,0.5
重庆市,2025-06,361.78,22.38,6.59,2.52,1867.81,0.88
重庆市,2025-07,344.31,-17.47,-4.83,4.81,2212.12,1.47
重庆市,2025-08,319.08,-25.23,-7.33,-6.37,2531.2,0.41
重庆市,2025-09,298.83,-20.25,-6.35,-2.62,2830.03,0.08
重庆市,2025-10,268.95,-29.88,-10.0,-6.04,3098.98,-0.48
重庆市,2025-11,265.37,-3.58,-1.33,-0.03,3364.35,-0.44
重庆市,2025-12,250.81,-14.56,-5.49,-9.78,3615.16,-1.15
重庆市,2026-01,276.41,,,3.07,276.41,3.07
重庆市,2026-02,284.1,7.69,2.78,-1.14,560.51,0.89
重庆市,2026-03,309.8,25.7,9.05,5.39,870.31,2.45
重庆市,2026-04,324.08,14.28,4.61,2.19,1194.39,2.38
重庆市,2026-05,353.61,29.53,9.11,4.19,1548.0,2.79
重庆市,2026-06,349.87,-3.74,-1.06,-3.29,1897.87,1.61
四川省,2023-07,451.84,,,,451.84,
四川省,2023-08,455.4,3.56,0.79,,907.24,
四川省,2023-09,405.49,-49.91,-10.96,,1312.73,
四川省,2023-10,375.91,-29.58,-7.29,,1688.64,
四川省,2023-11,345.78,-30.13,-8.02,,2034.42,
四川省,2023-12,349.64,3.86,1.12,,2384.06,
四川省,2024-01,328.98,,,,328.98,
四川省,2024-02,366.92,37.94,11.53,,695.9,
四川省,2024-03,381.02,14.1,3.84,,1076.92,
四川省,2024-04,440.49,59.47,15.61,,1517.41,
四川省,2024-05,446.92,6.43,1.46,,1964.33,
四川省,2024-06,444.22,-2.7,-0.6,,2408.55,
四川省,2024-07,459.83,15.61,3.51,1.77,2868.38,534.82
四川省,2024-08,416.44,-43.39,-9.44,-8.56,3284.82,262.07
四川省,2024-09,413.33,-3.11,-0.75,1.93,3698.15,181.71
四川省,2024-10,370.02,-43.31,-10.48,-1.57,4068.17,140.91
四川省,2024-11,348.89,-21.13,-5.71,0.9,4417.06,117.12
四川省,2024-12,357.13,8.24,2.36,2.14,4774.19,100.25
四川省,2025-01,330.47,,,0.45,330.47,0.45
四川省,2025-02,373.51,43.04,13.02,1.8,703.98,1.16
四川省,2025-03,394.94,21.43,5.74,3.65,1098.92,2.04
四川省,2025-04,441.3,46.36,11.74,0.18,1540.22,1.5
四川省,2025-05,445.49,4.19,0.95,-0.32,1985.71,1.09
四川省,2025-06,488.11,42.62,9.57,9.88,2473.82,2.71
四川省,2025-07,440.89,-47.22,-9.67,-4.12,2914.71,1.62
四川省,2025-08,445.71,4.82,1.09,7.03,3360.42,2.3
四川省,2025-09,417.42,-28.29,-6.35,0.99,3777.84,2.15
四川省,2025-10,363.46,-53.96,-12.93,-1.77,4141.3,1.8
四川省,2025-11,382.31,18.85,5.19,9.58,4523.61,2.41
四川省,2025-12,352.4,-29.91,-7.82,-1.32,4876.01,2.13
四川省,2026-01,337.59,,,2.15,337.59,2.15
四川省,2026-02,361.81,24.22,7.17,-3.13,699.4,-0.65
四川省,2026-03,408.56,46.75,12.92,3.45,1107.96,0.82
四川省,2026-04,442.41,33.85,8.29,0.25,1550.37,0.66
四川省,2026-05,447.18,4.77,1.08,0.38,1997.55,0.6
四川省,2026-06,472.97,25.79,5.77,-3.1,2470.52,-0.13
贵州省,2023-07,1281.0,,,,1281.0,
贵州省,2023-08,1308.61,27.61,2.16,,2589.61,
贵州省,2023-09,1145.77,-162.84,-12.44,,3735.38,
贵州省,2023-10,1135.33,-10.44,-0.91,,4870.71,
贵州省,2023-11,1060.41,-74.92,-6.6,,5931.12,
贵州省,2023-12,1036.07,-24.34,-2.3,,6967.19,
贵州省,2024-01,1035.11,,,,1035.11,
贵州省,2024-02,1154.85,119.74,11.57,,2189.96,
贵州省,2024-03,1180.61,25.76,2.23,,3370.57,
贵州省,2024-04,1287.02,106.41,9.01,,4657.59,
贵州省,2024-05,1404.82,117.8,9.15,,6062.41,
贵州省,2024-06,1385.74,-19.08,-1.36,,7448.15,
贵州省,2024-07,1307.01,-78.73,-5.68,2.03,8755.16,583.46
贵州省,2024-08,1341.77,34.76,2.66,2.53,10096.93,289.9
贵州省,2024-09,1302.52,-39.25,-2.93,13.68,11399.45,205.18
贵州省,2024-10,1104.5,-198.02,-15.2,-2.72,12503.95,156.72
贵州省,2024-11,1103.87,-0.63,-0.06,4.1,13607.82,129.43
贵州省,2024-12,993.91,-109.96,-9.96,-4.07,14601.73,109.58
贵州省,2025-01,1014.13,,,-2.03,1014.13,-2.03
贵州省,2025-02,1072.55,58.42,5.76,-7.13,2086.68,-4.72
贵州省,2025-03,1299.47,226.92,21.16,10.07,3386.15,0.46
贵州省,2025-04,1304.59,5.12,0.39,1.37,4690.74,0.71
贵州省,2025-05,1411.39,106.8,8.19,0.47,6102.13,0.66
贵州省,2025-06,1376.82,-34.57,-2.45,-0.64,7478.95,0.41
贵州省,2025-07,1350.8,-26.02,-1.89,3.35,8829.75,0.85
贵州省,2025-08,1309.39,-41.41,-3.07,-2.41,10139.14,0.42
贵州省,2025-09,1195.86,-113.53,-8.67,-8.19,11335.0,-0.57
贵州省,2025-10,1160.31,-35.55,-2.97,5.05,12495.31,-0.07
贵州省,2025-11,1059.51,-100.8,-8.69,-4.02,13554.82,-0.39
贵州省,2025-12,982.47,-77.04,-7.27,-1.15,14537.29,-0.44
贵州省,2026-01,1099.87,,,8.45,1099.87,8.45
贵州省,2026-02,1109.35,9.48,0.86,3.43,2209.22,5.87
贵州省,2026-03,1207.76,98.41,8.87,-7.06,3416.98,0.91
贵州省,2026-04,1291.14,83.38,6.9,-1.03,4708.12,0.37
贵州省,2026-05,1336.7,45.56,3.53,-5.29,6044.82,-0.94
贵州省,2026-06,1399.17,62.47,4.67,1.62,7443.99,-0.47
云南省,2023-07,551.51,,,,551.51,
云南省,2023-08,533.27,-18.24,-3.31,,1084.78,
云南省,2023-09,512.49,-20.78,-3.9,,1597.27,
云南省,2023-10,458.72,-53.77,-10.49,,2055.99,
云南省,2023-11,436.82,-21.9,-4.77,,2492.81,
云南省,2023-12,429.36,-7.46,-1.71,,2922.17,
云南省,2024-01,452.94,,,,452.94,
云南省,2024-02,470.09,17.15,3.79,,923.03,
云南省,2024-03,504.07,33.98,7.23,,1427.1,
云南省,2024-04,539.74,35.67,7.08,,1966.84,
云南省,2024-05,539.46,-0.28,-0.05,,2506.3,
云南省,2024-06,588.16,48.7,9.03,,3094.46,
云南省,2024-07,581.13,-7.03,-1.2,5.37,3675.59,566.46
云南省,2024-08,531.12,-50.01,-8.61,-0.4,4206.71,287.79
云南省,2024-09,512.08,-19.04,-3.58,-0.08,4718.79,195.43
云南省,2024-10,462.92,-49.16,-9.6,0.92,5181.71,152.03
云南省,2024-11,478.81,15.89,3.43,9.61,5660.52,127.07
云南省,2024-12,407.07,-71.74,-14.98,-5.19,6067.59,107.64
云南省,2025-01,476.15,,,5.12,476.15,5.12
云南省,2025-02,471.7,-4.45,-0.93,0.34,947.85,2.69
云南省,2025-03,468.98,-2.72,-0.58,-6.96,1416.83,-0.72
云南省,2025-04,529.28,60.3,12.86,-1.94,1946.11,-1.05
云南省,2025-05,574.66,45.38,8.57,6.53,2520.77,0.58
云南省,2025-06,562.86,-11.8,-2.05,-4.3,3083.63,-0.35
云南省,2025-07,574.13,11.27,2.0,-1.2,3657.76,-0.49
云南省,2025-08,562.64,-11.49,-2.0,5.93,4220.4,0.33
云南省,2025-09,502.17,-60.47,-10.75,-1.94,4722.57,0.08
云南省,2025-10,421.08,-81.09,-16.15,-9.04,5143.65,-0.73
云南省,2025-11,422.99,1.91,0.45,-11.66,5566.64,-1.66
云南省,2025-12,437.45,14.46,3.42,7.46,6004.09,-1.05
云南省,2026-01,444.73,,,-6.6,444.73,-6.6
云南省,2026-02,482.92,38.19,8.59,2.38,927.65,-2.13
云南省,2026-03,494.28,11.36,2.35,5.39,1421.93,0.36
云南省,2026-04,544.36,50.08,10.13,2.85,1966.29,1.04
云南省,2026-05,562.73,18.37,3.37,-2.08,2529.02,0.33
云南省,2026-06,571.31,8.58,1.52,1.5,3100.33,0.54
西藏自治区,2023-07,3.29,,,,3.29,
西藏自治区,2023-08,2.66,-0.63,-19.15,,5.95,
西藏自治区,2023-09,2.96,0.3,11.28,,8.91,
西藏自治区,2023-10,4.87,1.91,64.53,,13.78,
西藏自治区,2023-11,0.52,-4.35,-89.32,,14.3,
西藏自治区,2023-12,1.34,0.82,157.69,,15.64,
西藏自治区,2024-01,1.37,,,,1.37,
西藏自治区,2024-02,3.9,2.53,184.67,,5.27,
西藏自治区,2024-03,2.48,-1.42,-36.41,,7.75,
西藏自治区,2024-04,1.1,-1.38,-55.65,,8.85,
西藏自治区,2024-05,2.64,1.54,140.0,,11.49,
西藏自治区,2024-06,4.03,1.39,52.65,,15.52,
西藏自治区,2024-07,1.49,-2.54,-63.03,-54.71,17.01,417.02
西藏自治区,2024-08,3.82,2.33,156.38,43.61,20.83,250.08
西藏自治区,2024-09,3.36,-0.46,-12.04,13.51,24.19,171.49
西藏自治区,2024-10,0.89,-2.47,-73.51,-81.72,25.08,82.0
西藏自治区,2024-11,3.68,2.79,313.48,607.69,28.76,101.12
西藏自治区,2024-12,1.24,-2.44,-66.3,-7.46,30.0,91.82
西藏自治区,2025-01,0.82,,,-40.15,0.82,-40.15
西藏自治区,2025-02,2.86,2.04,248.78,-26.67,3.68,-30.17
西藏自治区,2025-03,3.4,0.54,18.88,37.1,7.08,-8.65
西藏自治区,2025-04,0.2,-3.2,-94.12,-81.82,7.28,-17.74
西藏自治区,2025-05,2.19,1.99,995.0,-17.05,9.47,-17.58
西藏自治区,2025-06,2.07,-0.12,-5.48,-48.64,11.54,-25.64
西藏自治区,2025-07,2.62,0.55,26.57,75.84,14.16,-16.75
西藏自治区,2025-08,1.75,-0.87,-33.21,-54.19,15.91,-23.62
西藏自治区,2025-09,2.06,0.31,17.71,-38.69,17.97,-25.71
西藏自治区,2025-10,2.52,0.46,22.33,183.15,20.49,-18.3
西藏自治区,2025-11,0.39,-2.13,-84.52,-89.4,20.88,-27.4
西藏自治区,2025-12,2.56,2.17,556.41,106.45,23.44,-21.87
西藏自治区,2026-01,3.61,,,340.24,3.61,340.24
西藏自治区,2026-02,1.7,-1.91,-52.91,-40.56,5.31,44.29
西藏自治区,2026-03,1.21,-0.49,-28.82,-64.41,6.52,-7.91
西藏自治区,2026-04,4.02,2.81,232.23,1910.0,10.54,44.78
西藏自治区,2026-05,3.12,-0.9,-22.39,42.47,13.66,44.24
西藏自治区,2026-06,3.04,-0.08,-2.56,46.86,16.7,44.71
陕西省,2023-07,7322.41,,,,7322.41,
陕西省,2023-08,7062.83,-259.58,-3.55,,14385.24,
陕西省,2023-09,6147.29,-915.54,-12.96,,20532.53,
陕西省,2023-10,6102.59,-44.7,-0.73,,26635.12,
陕西省,2023-11,5870.92,-231.67,-3.8,,32506.04,
陕西省,2023-12,5590.87,-280.05,-4.77,,38096.91,
陕西省,2024-01,5641.28,,,,5641.28,
陕西省,2024-02,5969.16,327.88,5.81,,11610.44,
陕西省,2024-03,6599.51,630.35,10.56,,18209.95,
陕西省,2024-04,6924.36,324.85,4.92,,25134.31,
陕西省,2024-05,7476.35,551.99,7.97,,32610.66,
陕西省,2024-06,7548.63,72.28,0.97,,40159.29,
陕西省,2024-07,7146.17,-402.46,-5.33,-2.41,47305.46,546.04
陕西省,2024-08,7128.48,-17.69,-0.25,0.93,54433.94,278.4
陕西省,2024-09,6531.77,-596.71,-8.37,6.25,60965.71,196.92
陕西省,2024-10,6364.21,-167.56,-2.57,4.29,67329.92,152.79
陕西省,2024-11,5896.99,-467.22,-7.34,0.44,73226.91,125.27
陕西省,2024-12,5500.68,-396.31,-6.72,-1.61,78727.59,106.65
陕西省,2025-01,5418.09,,,-3.96,5418.09,-3.96
陕西省,2025-02,6042.19,624.1,11.52,1.22,11460.28,-1.29
陕西省,2025-03,6469.11,426.92,7.07,-1.98,17929.39,-1.54
陕西省,2025-04,7062.07,592.96,9.17,1.99,24991.46,-0.57
陕西省,2025-05,7171.34,109.27,1.55,-4.08,32162.8,-1.37
陕西省,2025-06,7417.05,245.71,3.43,-1.74,39579.85,-1.44
陕西省,2025-07,7671.48,254.43,3.43,7.35,47251.33,-0.11
陕西省,2025-08,7247.06,-424.42,-5.53,1.66,54498.39,0.12
陕西省,2025-09,6227.51,-1019.55,-14.07,-4.66,60725.9,-0.39
陕西省,2025-10,6185.0,-42.51,-0.68,-2.82,66910.9,-0.62
陕西省,2025-11,5778.92,-406.08,-6.57,-2.0,72689.82,-0.73
陕西省,2025-12,5602.88,-176.04,-3.05,1.86,78292.7,-0.55
陕西省,2026-01,5787.12,,,6.81,5787.12,6.81
陕西省,2026-02,6546.53,759.41,13.12,8.35,12333.65,7.62
陕西省,2026-03,6101.41,-445.12,-6.8,-5.68,18435.06,2.82
陕西省,2026-04,7315.18,1213.77,19.89,3.58,25750.24,3.04
陕西省,2026-05,7442.44,127.26,1.74,3.78,33192.68,3.2
陕西省,2026-06,7921.49,479.05,6.44,6.8,41114.17,3.88
甘肃省,2023-07,555.51,,,,555.51,
甘肃省,2023-08,560.61,5.1,0.92,,1116.12,
甘肃省,2023-09,503.52,-57.09,-10.18,,1619.64,
甘肃省,2023-10,489.57,-13.95,-2.77,,2109.21,
甘肃省,2023-11,435.92,-53.65,-10.96,,2545.13,
甘肃省,2023-12,434.96,-0.96,-0.22,,2980.09,
甘肃省,2024-01,428.85,,,,428.85,
甘肃省,2024-02,462.05,33.2,7.74,,890.9,
甘肃省,2024-03,511.26,49.21,10.65,,1402.16,
甘肃省,2024-04,563.74,52.48,10.26,,1965.9,
甘肃省,2024-05,587.57,23.83,4.23,,2553.47,
甘肃省,2024-06,589.45,1.88,0.32,,3142.92,
甘肃省,2024-07,592.59,3.14,0.53,6.67,3735.51,572.45
甘肃省,2024-08,555.54,-37.05,-6.25,-0.9,4291.05,284.46
甘肃省,2024-09,507.22,-48.32,-8.7,0.73,4798.27,196.26
甘肃省,2024-10,461.57,-45.65,-9.0,-5.72,5259.84,149.37
甘肃省,2024-11,451.69,-9.88,-2.14,3.62,5711.53,124.41
甘肃省,2024-12,441.69,-10.0,-2.21,1.55,6153.22,106.48
甘肃省,2025-01,451.04,,,5.17,451.04,5.17
甘肃省,2025-02,458.75,7.71,1.71,-0.71,909.79,2.12
甘肃省,2025-03,520.36,61.61,13.43,1.78,1430.15,2.0
甘肃省,2025-04,536.36,16.0,3.07,-4.86,1966.51,0.03
甘肃省,2025-05,595.44,59.08,11.01,1.34,2561.95,0.33
甘肃省,2025-06,596.92,1.48,0.25,1.27,3158.87,0.51
甘肃省,2025-07,572.08,-24.84,-4.16,-3.46,3730.95,-0.12
甘肃省,2025-08,532.99,-39.09,-6.83,-4.06,4263.94,-0.63
甘肃省,2025-09,510.61,-22.38,-4.2,0.67,4774.55,-0.49
甘肃省,2025-10,476.35,-34.26,-6.71,3.2,5250.9,-0.17
甘肃省,2025-11,437.03,-39.32,-8.25,-3.25,5687.93,-0.41
甘肃省,2025-12,418.83,-18.2,-4.16,-5.18,6106.76,-0.76
甘肃省,2026-01,461.57,,,2.33,461.57,2.33
甘肃省,2026-02,456.93,-4.64,-1.01,-0.4,918.5,0.96
甘肃省,2026-03,530.23,73.3,16.04,1.9,1448.73,1.3
甘肃省,2026-04,548.96,18.73,3.53,2.35,1997.69,1.59
甘肃省,2026-05,552.19,3.23,0.59,-7.26,2549.88,-0.47
甘肃省,2026-06,590.13,37.94,6.87,-1.14,3140.01,-0.6
青海省,2023-07,109.61,,,,109.61,
青海省,2023-08,105.85,-3.76,-3.43,,215.46,
青海省,2023-09,96.81,-9.04,-8.54,,312.27,
青海省,2023-10,95.98,-0.83,-0.86,,408.25,
青海省,2023-11,90.03,-5.95,-6.2,,498.28,
青海省,2023-12,84.76,-5.27,-5.85,,583.04,
青海省,2024-01,87.05,,,,87.05,
青海省,2024-02,96.54,9.49,10.9,,183.59,
青海省,2024-03,98.91,2.37,2.45,,282.5,
青海省,2024-04,106.98,8.07,8.16,,389.48,
青海省,2024-05,117.91,10.93,10.22,,507.39,
青海省,2024-06,111.19,-6.72,-5.7,,618.58,
青海省,2024-07,121.7,10.51,9.45,11.03,740.28,575.38
青海省,2024-08,114.8,-6.9,-5.67,8.46,855.08,296.86
青海省,2024-09,102.3,-12.5,-10.89,5.67,957.38,206.59
青海省,2024-10,91.29,-11.01,-10.76,-4.89,1048.67,156.87
青海省,2024-11,87.45,-3.84,-4.21,-2.87,1136.12,128.01
青海省,2024-12,89.71,2.26,2.58,5.84,1225.83,110.25
青海省,2025-01,86.67,,,-0.44,86.67,-0.44
青海省,2025-02,94.37,7.7,8.88,-2.25,181.04,-1.39
青海省,2025-03,105.61,11.24,11.91,6.77,286.65,1.47
青海省,2025-04,111.37,5.76,5.45,4.1,398.02,2.19
青海省,2025-05,116.59,5.22,4.69,-1.12,514.61,1.42
青海省,2025-06,121.08,4.49,3.85,8.89,635.69,2.77
青海省,2025-07,117.44,-3.64,-3.01,-3.5,753.13,1.74
青海省,2025-08,107.75,-9.69,-8.25,-6.14,860.88,0.68
青海省,2025-09,99.73,-8.02,-7.44,-2.51,960.61,0.34
青海省,2025-10,93.33,-6.4,-6.42,2.23,1053.94,0.5
青海省,2025-11,91.01,-2.32,-2.49,4.07,1144.95,0.78
青海省,2025-12,87.11,-3.9,-4.29,-2.9,1232.06,0.51
青海省,2026-01,89.96,,,3.8,89.96,3.8
青海省,2026-02,96.0,6.04,6.71,1.73,185.96,2.72
青海省,2026-03,104.09,8.09,8.43,-1.44,290.05,1.19
青海省,2026-04,108.76,4.67,4.49,-2.34,398.81,0.2
青海省,2026-05,114.63,5.87,5.4,-1.68,513.44,-0.23
青海省,2026-06,114.24,-0.39,-0.34,-5.65,627.68,-1.26
宁夏回族自治区,2023-07,804.9,,,,804.9,
宁夏回族自治区,2023-08,720.65,-84.25,-10.47,,1525.55,
宁夏回族自治区,2023-09,689.14,-31.51,-4.37,,2214.69,
宁夏回族自治区,2023-10,692.52,3.38,0.49,,2907.21,
宁夏回族自治区,2023-11,602.29,-90.23,-13.03,,3509.5,
宁夏回族自治区,2023-12,604.18,1.89,0.31,,4113.68,
宁夏回族自治区,2024-01,614.12,,,,614.12,
宁夏回族自治区,2024-02,679.4,65.28,10.63,,1293.52,
宁夏回族自治区,2024-03,706.96,27.56,4.06,,2000.48,
宁夏回族自治区,2024-04,755.95,48.99,6.93,,2756.43,
宁夏回族自治区,2024-05,806.29,50.34,6.66,,3562.72,
宁夏回族自治区,2024-06,797.2,-9.09,-1.13,,4359.92,
宁夏回族自治区,2024-07,807.71,10.51,1.32,0.35,5167.63,542.02
宁夏回族自治区,2024-08,765.2,-42.51,-5.26,6.18,5932.83,288.9
宁夏回族自治区,2024-09,679.78,-85.42,-11.16,-1.36,6612.61,198.58
宁夏回族自治区,2024-10,626.17,-53.61,-7.89,-9.58,7238.78,148.99
宁夏回族自治区,2024-11,604.05,-22.12,-3.53,0.29,7842.83,123.47
宁夏回族自治区,2024-12,607.82,3.77,0.62,0.6,8450.65,105.43
宁夏回族自治区,2025-01,606.94,,,-1.17,606.94,-1.17
宁夏回族自治区,2025-02,641.03,34.09,5.62,-5.65,1247.97,-3.52
宁夏回族自治区,2025-03,687.42,46.39,7.24,-2.76,1935.39,-3.25
宁夏回族自治区,2025-04,769.4,81.98,11.93,1.78,2704.79,-1.87
宁夏回族自治区,2025-05,844.03,74.63,9.7,4.68,3548.82,-0.39
宁夏回族自治区,2025-06,822.91,-21.12,-2.5,3.23,4371.73,0.27
宁夏回族自治区,2025-07,801.82,-21.09,-2.56,-0.73,5173.55,0.11
宁夏回族自治区,2025-08,765.41,-36.41,-4.54,0.03,5938.96,0.1
宁夏回族自治区,2025-09,708.22,-57.19,-7.47,4.18,6647.18,0.52
宁夏回族自治区,2025-10,684.18,-24.04,-3.39,9.26,7331.36,1.28
宁夏回族自治区,2025-11,620.56,-63.62,-9.3,2.73,7951.92,1.39
宁夏回族自治区,2025-12,608.55,-12.01,-1.94,0.12,8560.47,1.3
宁夏回族自治区,2026-01,595.82,,,-1.83,595.82,-1.83
宁夏回族自治区,2026-02,636.7,40.88,6.86,-0.68,1232.52,-1.24
宁夏回族自治区,2026-03,670.36,33.66,5.29,-2.48,1902.88,-1.68
宁夏回族自治区,2026-04,711.7,41.34,6.17,-7.5,2614.58,-3.34
宁夏回族自治区,2026-05,824.83,113.13,15.9,-2.27,3439.41,-3.08
宁夏回族自治区,2026-06,811.37,-13.46,-1.63,-1.4,4250.78,-2.77
新疆维吾尔自治区,2023-07,4070.88,,,,4070.88,
新疆维吾尔自治区,2023-08,3761.75,-309.13,-7.59,,7832.63,
新疆维吾尔自治区,2023-09,3411.17,-350.58,-9.32,,11243.8,
新疆维吾尔自治区,2023-10,3338.69,-72.48,-2.12,,14582.49,
新疆维吾尔自治区,2023-11,2938.96,-399.73,-11.97,,17521.45,
新疆维吾尔自治区,2023-12,2959.59,20.63,0.7,,20481.04,
新疆维吾尔自治区,2024-01,3014.69,,,,3014.69,
新疆维吾尔自治区,2024-02,3313.91,299.22,9.93,,6328.6,
新疆维吾尔自治区,2024-03,3477.96,164.05,4.95,,9806.56,
新疆维吾尔自治区,2024-04,3739.28,261.32,7.51,,13545.84,
新疆维吾尔自治区,2024-05,3956.44,217.16,5.81,,17502.28,
新疆维吾尔自治区,2024-06,4320.64,364.2,9.21,,21822.92,
新疆维吾尔自治区,2024-07,3993.81,-326.83,-7.56,-1.89,25816.73,534.18
新疆维吾尔自治区,2024-08,3753.86,-239.95,-6.01,-0.21,29570.59,277.53
新疆维吾尔自治区,2024-09,3545.45,-208.41,-5.55,3.94,33116.04,194.53
新疆维吾尔自治区,2024-10,3249.69,-295.76,-8.34,-2.67,36365.73,149.38
新疆维吾尔自治区,2024-11,3176.32,-73.37,-2.26,8.08,39542.05,125.68
新疆维吾尔自治区,2024-12,2790.75,-385.57,-12.14,-5.7,42332.8,106.69
新疆维吾尔自治区,2025-01,3161.24,,,4.86,3161.24,4.86
新疆维吾尔自治区,2025-02,3181.53,20.29,0.64,-3.99,6342.77,0.22
新疆维吾尔自治区,2025-03,3411.89,230.36,7.24,-1.9,9754.66,-0.53
新疆维吾尔自治区,2025-04,3848.81,436.92,12.81,2.93,13603.47,0.43
新疆维吾尔自治区,2025-05,4061.42,212.61,5.52,2.65,17664.89,0.93
新疆维吾尔自治区,2025-06,3990.5,-70.92,-1.75,-7.64,21655.39,-0.77
新疆维吾尔自治区,2025-07,3959.46,-31.04,-0.78,-0.86,25614.85,-0.78
新疆维吾尔自治区,2025-08,3953.92,-5.54,-0.14,5.33,29568.77,-0.01
新疆维吾尔自治区,2025-09,3686.96,-266.96,-6.75,3.99,33255.73,0.42
新疆维吾尔自治区,2025-10,3155.47,-531.49,-14.42,-2.9,36411.2,0.13
新疆维吾尔自治区,2025-11,3004.53,-150.94,-4.78,-5.41,39415.73,-0.32
新疆维吾尔自治区,2025-12,2935.67,-68.86,-2.29,5.19,42351.4,0.04
新疆维吾尔自治区,2026-01,2970.01,,,-6.05,2970.01,-6.05
新疆维吾尔自治区,2026-02,3191.05,221.04,7.44,0.3,6161.06,-2.86
新疆维吾尔自治区,2026-03,3600.45,409.4,12.83,5.53,9761.51,0.07
新疆维吾尔自治区,2026-04,3871.54,271.09,7.53,0.59,13633.05,0.22
新疆维吾尔自治区,2026-05,4072.44,200.9,5.19,0.27,17705.49,0.23
新疆维吾尔自治区,2026-06,4080.91,8.47,0.21,2.27,21786.4,0.6
